{
  "android_play_store_link": "",
  "ios_app_store_link": "",
  "sticker_packs": [
    {
      "identifier": "4",
      "name": "Rabbid stickers",
      "publisher": "Rabbid movie",
      "tray_image_file": "fondo-rabbid.png",
      "publisher_email": "",
      "publisher_website": "",
      "privacy_policy_website": "",
      "license_agreement_website": "",
      "stickers": [
        {
          "image_file": "rabbid-1.webp"
        },
        {
          "image_file": "rabbid-2.webp"
        },
        {
          "image_file": "rabbid-3.webp"
        },
        {
          "image_file": "rabbid-4.webp"
        },
        {
          "image_file": "rabbid-5.webp"
        },
        {
          "image_file": "rabbid-6.webp"
        },
        {
          "image_file": "rabbid-7.webp"
        },
        {
          "image_file": "rabbid-8.webp"
        },
        {
          "image_file": "rabbid-9.webp"
        },
        {
          "image_file": "rabbid-10.webp"
        },
        {
          "image_file": "rabbid-11.webp"
        },
        {
          "image_file": "rabbid-12.webp"
        }
      ]
    },
    {
      "identifier": "25",
      "name": "Halloween Memes",
      "publisher": "Alexander Scherbina",
      "tray_image_file": "hfondo.png",
      "publisher_email": "",
      "publisher_website": "",
      "privacy_policy_website": "",
      "license_agreement_website": "",
      "stickers": [
        {
          "image_file": "1h.webp"
        },
        {
          "image_file": "2h.webp"
        },
        {
          "image_file": "3h.webp"
        },
        {
          "image_file": "4h.webp"
        },
        {
          "image_file": "5h.webp"
        },
        {
          "image_file": "6h.webp"
        },
        {
          "image_file": "7h.webp"
        },
        {
          "image_file": "8h.webp"
        },
        {
          "image_file": "9h.webp"
        },
        {
          "image_file": "10h.webp"
        },
        {
          "image_file": "11h.webp"
        },
        {
          "image_file": "12h.webp"
        }
      ]
    },
    {
      "identifier": "26",
      "name": "Rage Comics",
      "publisher": "Telegram",
      "tray_image_file": "ragefondo.png",
      "publisher_email": "",
      "publisher_website": "",
      "privacy_policy_website": "",
      "license_agreement_website": "",
      "stickers": [
        {
          "image_file": "1rage.webp"
        },
        {
          "image_file": "2rage.webp"
        },
        {
          "image_file": "3rage.webp"
        },
        {
          "image_file": "4rage.webp"
        },
        {
          "image_file": "5rage.webp"
        },
        {
          "image_file": "6rage.webp"
        },
        {
          "image_file": "7rage.webp"
        },
        {
          "image_file": "8rage.webp"
        },
        {
          "image_file": "9rage.webp"
        },
        {
          "image_file": "10rage.webp"
        },
        {
          "image_file": "11rage.webp"
        },
        {
          "image_file": "12rage.webp"
        }
      ]
    },
    {
      "identifier": "24",
      "name": "Avengers",
      "publisher": "Telegram",
      "tray_image_file": "avengersfondo.png",
      "publisher_email": "",
      "publisher_website": "",
      "privacy_policy_website": "",
      "license_agreement_website": "",
      "stickers": [
        {
          "image_file": "av1.webp"
        },
        {
          "image_file": "av2.webp"
        },
        {
          "image_file": "av3.webp"
        },
        {
          "image_file": "av4.webp"
        },
        {
          "image_file": "av5.webp"
        },
        {
          "image_file": "av6.webp"
        },
        {
          "image_file": "av7.webp"
        },
        {
          "image_file": "av8.webp"
        },
        {
          "image_file": "av9.webp"
        },
        {
          "image_file": "av10.webp"
        },
        {
          "image_file": "av11.webp"
        },
        {
          "image_file": "av12.webp"
        },
        {
          "image_file": "av13.webp"
        },
        {
          "image_file": "av14.webp"
        },
        {
          "image_file": "av15.webp"
        },
        {
          "image_file": "av16.webp"
        },
        {
          "image_file": "av17.webp"
        },
        {
          "image_file": "av18.webp"
        },
        {
          "image_file": "av19.webp"
        },
        {
          "image_file": "av20.webp"
        }
      ]
    },
    {
      "identifier": "20",
      "name": "Harry Potter",
      "publisher": "by Анна Шумская",
      "tray_image_file": "harry-fondo.png",
      "publisher_email": "",
      "publisher_website": "",
      "privacy_policy_website": "",
      "license_agreement_website": "",
      "stickers": [
        {
          "image_file": "harry1.webp"
        },
        {
          "image_file": "harry2.webp"
        },
        {
          "image_file": "harry3.webp"
        },
        {
          "image_file": "harry4.webp"
        },
        {
          "image_file": "harry5.webp"
        },
        {
          "image_file": "harry6.webp"
        },
        {
          "image_file": "harry7.webp"
        },
        {
          "image_file": "harry8.webp"
        },
        {
          "image_file": "harry9.webp"
        },
        {
          "image_file": "harry10.webp"
        },
        {
          "image_file": "harry11.webp"
        },
        {
          "image_file": "harry12.webp"
        },
        {
          "image_file": "harry13.webp"
        },
        {
          "image_file": "harry14.webp"
        },
        {
          "image_file": "harry15.webp"
        },
        {
          "image_file": "harry16.webp"
        },
        {
          "image_file": "harry17.webp"
        },
        {
          "image_file": "harry18.webp"
        },
        {
          "image_file": "harry19.webp"
        },
        {
          "image_file": "harry20.webp"
        },
        {
          "image_file": "harry21.webp"
        },
        {
          "image_file": "harry22.webp"
        },
        {
          "image_file": "harry23.webp"
        },
        {
          "image_file": "harry24.webp"
        },
        {
          "image_file": "harry25.webp"
        },
        {
          "image_file": "harry26.webp"
        },
        {
          "image_file": "harry27.webp"
        },
        {
          "image_file": "harry28.webp"
        },
        {
          "image_file": "harry29.webp"
        },
        {
          "image_file": "harry30.webp"
        }
      ]
    },
    {
      "identifier": "21",
      "name": "Christmas Dog",
      "publisher": "Telegram Team",
      "tray_image_file": "cdogfondo.png",
      "publisher_email": "",
      "publisher_website": "",
      "privacy_policy_website": "",
      "license_agreement_website": "",
      "stickers": [
        {
          "image_file": "cdog1.webp"
        },
        {
          "image_file": "cdog2.webp"
        },
        {
          "image_file": "cdog3.webp"
        },
        {
          "image_file": "cdog4.webp"
        },
        {
          "image_file": "cdog5.webp"
        },
        {
          "image_file": "cdog6.webp"
        },
        {
          "image_file": "cdog7.webp"
        },
        {
          "image_file": "cdog8.webp"
        },
        {
          "image_file": "cdog9.webp"
        },
        {
          "image_file": "cdog10.webp"
        },
        {
          "image_file": "cdog11.webp"
        },
        {
          "image_file": "cdog12.webp"
        }
      ]
    },
    {
      "identifier": "22",
      "name": "Cyanide happiness",
      "publisher": "Un experto en stickers",
      "tray_image_file": "cyanidefondo.png",
      "publisher_email": "",
      "publisher_website": "",
      "privacy_policy_website": "",
      "license_agreement_website": "",
      "stickers": [
        {
          "image_file": "c1.webp"
        },
        {
          "image_file": "c2.webp"
        },
        {
          "image_file": "c3.webp"
        },
        {
          "image_file": "c4.webp"
        },
        {
          "image_file": "c5.webp"
        },
        {
          "image_file": "c6.webp"
        },
        {
          "image_file": "c7.webp"
        },
        {
          "image_file": "c8.webp"
        },
        {
          "image_file": "c9.webp"
        },
        {
          "image_file": "c10.webp"
        },
        {
          "image_file": "c11.webp"
        },
        {
          "image_file": "c12.webp"
        },
        {
          "image_file": "c13.webp"
        },
        {
          "image_file": "c14.webp"
        },
        {
          "image_file": "c15.webp"
        },
        {
          "image_file": "c16.webp"
        },
        {
          "image_file": "c17.webp"
        },
        {
          "image_file": "c18.webp"
        },
        {
          "image_file": "c19.webp"
        },
        {
          "image_file": "c20.webp"
        },
        {
          "image_file": "c21.webp"
        },
        {
          "image_file": "c22.webp"
        },
        {
          "image_file": "c23.webp"
        },
        {
          "image_file": "c24.webp"
        }

      ]
    },
    {
      "identifier": "19",
      "name": "Voldemort",
      "publisher": "by NTLENT telegram",
      "tray_image_file": "voldemort-fondo.png",
      "publisher_email": "",
      "publisher_website": "",
      "privacy_policy_website": "",
      "license_agreement_website": "",
      "stickers": [
        {
          "image_file": "volde1.webp"
        },
        {
          "image_file": "volde2.webp"
        },
        {
          "image_file": "volde3.webp"
        },
        {
          "image_file": "volde4.webp"
        },
        {
          "image_file": "volde5.webp"
        },
        {
          "image_file": "volde6.webp"
        },
        {
          "image_file": "volde7.webp"
        },
        {
          "image_file": "volde8.webp"
        },
        {
          "image_file": "volde9.webp"
        },
        {
          "image_file": "volde10.webp"
        },
        {
          "image_file": "volde11.webp"
        },
        {
          "image_file": "volde12.webp"
        },
        {
          "image_file": "volde13.webp"
        },
        {
          "image_file": "volde14.webp"
        },
        {
          "image_file": "volde15.webp"
        },
        {
          "image_file": "volde16.webp"
        },
        {
          "image_file": "volde17.webp"
        },
        {
          "image_file": "volde18.webp"
        },
        {
          "image_file": "volde19.webp"
        },
        {
          "image_file": "volde20.webp"
        },
        {
          "image_file": "volde21.webp"
        }
      ]
    },
    {
      "identifier": "3",
      "name": "Cute Yeti",
      "publisher": "Christmas by Telegram",
      "tray_image_file": "fondocuteyeti.png",
      "publisher_email": "",
      "publisher_website": "",
      "privacy_policy_website": "",
      "license_agreement_website": "",
      "stickers": [
        {
          "image_file": "c1.webp"
        },
        {
          "image_file": "c2.webp"
        },
        {
          "image_file": "c3.webp"
        },
        {
          "image_file": "c4.webp"
        },
        {
          "image_file": "c5.webp"
        },
        {
          "image_file": "c6.webp"
        },
        {
          "image_file": "c7.webp"
        },
        {
          "image_file": "c8.webp"
        },
        {
          "image_file": "c9.webp"
        }
      ]
    },
    {
      "identifier": "2",
      "name": "Grinch",
      "publisher": "by Telegram",
      "tray_image_file": "fondogrinch.png",
      "publisher_email": "",
      "publisher_website": "",
      "privacy_policy_website": "",
      "license_agreement_website": "",
      "stickers": [
        {
          "image_file": "g1.webp"
        },
        {
          "image_file": "g2.webp"
        },
        {
          "image_file": "g3.webp"
        },
        {
          "image_file": "g4.webp"
        },
        {
          "image_file": "g5.webp"
        },
        {
          "image_file": "g6.webp"
        },
        {
          "image_file": "g7.webp"
        },
        {
          "image_file": "g8.webp"
        },
        {
          "image_file": "g9.webp"
        },
        {
          "image_file": "g10.webp"
        },
        {
          "image_file": "g11.webp"
        },
        {
          "image_file": "g12.webp"
        },
        {
          "image_file": "g13.webp"
        },
        {
          "image_file": "g14.webp"
        },
        {
          "image_file": "g15.webp"
        },
        {
          "image_file": "g16.webp"
        },
        {
          "image_file": "g17.webp"
        },
        {
          "image_file": "g18.webp"
        },
        {
          "image_file": "g19.webp"
        },
        {
          "image_file": "g20.webp"
        }
      ]
    },
    {
      "identifier": "1",
      "name": "Santa Claus",
      "publisher": "by Telegram",
      "tray_image_file": "fondohoho.png",
      "publisher_email": "",
      "publisher_website": "",
      "privacy_policy_website": "",
      "license_agreement_website": "",
      "stickers": [
        {
          "image_file": "ho1.webp"
        },
        {
          "image_file": "ho2.webp"
        },
        {
          "image_file": "ho3.webp"
        },
        {
          "image_file": "ho4.webp"
        },
        {
          "image_file": "ho5.webp"
        },
        {
          "image_file": "ho6.webp"
        },
        {
          "image_file": "ho7.webp"
        },
        {
          "image_file": "ho8.webp"
        },
        {
          "image_file": "ho9.webp"
        },
        {
          "image_file": "ho10.webp"
        },
        {
          "image_file": "ho11.webp"
        },
        {
          "image_file": "ho12.webp"
        }

      ]
    },
    {
      "identifier": "17",
      "name": "Mr Deer",
      "publisher": "by Telegram users",
      "tray_image_file": "fondomrdeer.png",
      "publisher_email": "",
      "publisher_website": "",
      "privacy_policy_website": "",
      "license_agreement_website": "",
      "stickers": [
        {
          "image_file": "m1.webp"
        },
        {
          "image_file": "m2.webp"
        },
        {
          "image_file": "m3.webp"
        },
        {
          "image_file": "m4.webp"
        },
        {
          "image_file": "m5.webp"
        },
        {
          "image_file": "m6.webp"
        },
        {
          "image_file": "m7.webp"
        },
        {
          "image_file": "m8.webp"
        },
        {
          "image_file": "m9.webp"
        },
        {
          "image_file": "m10.webp"
        },
        {
          "image_file": "m11.webp"
        },
        {
          "image_file": "m12.webp"
        }
      ]
    },
    {
      "identifier": "18",
      "name": "Merry Christmas",
      "publisher": "by Stickers Png",
      "tray_image_file": "fondomerrychristmas.png",
      "publisher_email": "",
      "publisher_website": "",
      "privacy_policy_website": "",
      "license_agreement_website": "",
      "stickers": [
        {
          "image_file": "element1.webp"
        },
        {
          "image_file": "element2.webp"
        },
        {
          "image_file": "element3.webp"
        },
        {
          "image_file": "element4.webp"
        },
        {
          "image_file": "element5.webp"
        },
        {
          "image_file": "element6.webp"
        },
        {
          "image_file": "element7.webp"
        },
        {
          "image_file": "element8.webp"
        },
        {
          "image_file": "element9.webp"
        },
        {
          "image_file": "element10.webp"
        },
        {
          "image_file": "element11.webp"
        },
        {
          "image_file": "element12.webp"
        },
        {
          "image_file": "element13.webp"
        },
        {
          "image_file": "element14.webp"
        },
        {
          "image_file": "element15.webp"
        }
      ]
    },
    {
      "identifier": "5",
      "name": "Secret life stickers",
      "publisher": "Movies",
      "tray_image_file": "fondosecretlife.png",
      "publisher_email": "",
      "publisher_website": "",
      "privacy_policy_website": "",
      "license_agreement_website": "",
      "stickers": [
        {
          "image_file": "secretlife-1.webp"
        },
        {
          "image_file": "secretlife-2.webp"
        },
        {
          "image_file": "secretlife-3.webp"
        },
        {
          "image_file": "secretlife-4.webp"
        },
        {
          "image_file": "secretlife-5.webp"
        },
        {
          "image_file": "secretlife-6.webp"
        },
        {
          "image_file": "secretlife-7.webp"
        },
        {
          "image_file": "secretlife-8.webp"
        },
        {
          "image_file": "secretlife-9.webp"
        },
        {
          "image_file": "secretlife-10.webp"
        },
        {
          "image_file": "secretlife-11.webp"
        },
        {
          "image_file": "secretlife-12.webp"
        },
        {
          "image_file": "secretlife-13.webp"
        },
        {
          "image_file": "secretlife-14.webp"
        }
      ]
    },
    {
      "identifier": "8",
      "name": "Cinema pack 1",
      "publisher": "Cinema male heroes",
      "tray_image_file": "cinemafondo.png",
      "publisher_email": "",
      "publisher_website": "",
      "privacy_policy_website": "",
      "license_agreement_website": "",
      "stickers": [
        {
          "image_file": "cinema1.webp"
        },
        {
          "image_file": "cinema2.webp"
        },
        {
          "image_file": "cinema3.webp"
        },
        {
          "image_file": "cinema4.webp"
        },
        {
          "image_file": "cinema5.webp"
        },
        {
          "image_file": "cinema6.webp"
        },
        {
          "image_file": "cinema7.webp"
        },
        {
          "image_file": "cinema8.webp"
        },
        {
          "image_file": "cinema9.webp"
        },
        {
          "image_file": "cinema10.webp"
        },
        {
          "image_file": "cinema11.webp"
        },
        {
          "image_file": "cinema13.webp"
        },
        {
          "image_file": "cinema14.webp"
        },
        {
          "image_file": "cinema15.webp"
        },
        {
          "image_file": "cinema16.webp"
        },
        {
          "image_file": "cinema17.webp"
        },
        {
          "image_file": "cinema18.webp"
        },
        {
          "image_file": "cinema19.webp"
        },
        {
          "image_file": "cinema20.webp"
        },
        {
          "image_file": "cinema21.webp"
        },
        {
          "image_file": "cinema22.webp"
        },
        {
          "image_file": "cinema23.webp"
        },
        {
          "image_file": "cinema24.webp"
        },
        {
          "image_file": "cinema25.webp"
        },
        {
          "image_file": "cinema26.webp"
        },
        {
          "image_file": "cinema27.webp"
        },
        {
          "image_file": "cinema28.webp"
        },
        {
          "image_file": "cinema29.webp"
        },
        {
          "image_file": "cinema30.webp"
        }
      ]
    },
    {
      "identifier": "9",
      "name": "Cinema pack 2",
      "publisher": "Cinema male heroes",
      "tray_image_file": "cinemafondo.png",
      "publisher_email": "",
      "publisher_website": "",
      "privacy_policy_website": "",
      "license_agreement_website": "",
      "stickers": [
        {
          "image_file": "cinema31.webp"
        },
        {
          "image_file": "cinema32.webp"
        },
        {
          "image_file": "cinema33.webp"
        },
        {
          "image_file": "cinema34.webp"
        },
        {
          "image_file": "cinema35.webp"
        },
        {
          "image_file": "cinema36.webp"
        },
        {
          "image_file": "cinema37.webp"
        },
        {
          "image_file": "cinema38.webp"
        },
        {
          "image_file": "cinema39.webp"
        },
        {
          "image_file": "cinema40.webp"
        }
      ]
    },
    {
      "identifier": "10",
      "name": "Jason Voorhees",
      "publisher": "Telegram oficial",
      "tray_image_file": "jasonfondo.png",
      "publisher_email": "",
      "publisher_website": "",
      "privacy_policy_website": "",
      "license_agreement_website": "",
      "stickers": [
        {
          "image_file": "jason1.webp"
        },
        {
          "image_file": "jason2.webp"
        },
        {
          "image_file": "jason3.webp"
        },
        {
          "image_file": "jason4.webp"
        },
        {
          "image_file": "jason5.webp"
        },
        {
          "image_file": "jason6.webp"
        },
        {
          "image_file": "jason7.webp"
        },
        {
          "image_file": "jason8.webp"
        },
        {
          "image_file": "jason9.webp"
        },
        {
          "image_file": "jason10.webp"
        },
        {
          "image_file": "jason11.webp"
        },
        {
          "image_file": "jason13.webp"
        },
        {
          "image_file": "jason14.webp"
        },
        {
          "image_file": "jason15.webp"
        },
        {
          "image_file": "jason16.webp"
        },
        {
          "image_file": "jason17.webp"
        },
        {
          "image_file": "jason18.webp"
        },
        {
          "image_file": "jason19.webp"
        },
        {
          "image_file": "jason20.webp"
        },
        {
          "image_file": "jason21.webp"
        },
        {
          "image_file": "jason22.webp"
        },
        {
          "image_file": "jason23.webp"
        },
        {
          "image_file": "jason24.webp"
        },
        {
          "image_file": "jason25.webp"
        },
        {
          "image_file": "jason26.webp"
        }
      ]
    },
    {
      "identifier": "11",
      "name": "Homer Simpson",
      "publisher": "Telegram oficial",
      "tray_image_file": "homerfondo.png",
      "publisher_email": "",
      "publisher_website": "",
      "privacy_policy_website": "",
      "license_agreement_website": "",
      "stickers": [
        {
          "image_file": "homer1.webp"
        },
        {
          "image_file": "homer2.webp"
        },
        {
          "image_file": "homer3.webp"
        },
        {
          "image_file": "homer4.webp"
        },
        {
          "image_file": "homer5.webp"
        },
        {
          "image_file": "homer6.webp"
        },
        {
          "image_file": "homer7.webp"
        },
        {
          "image_file": "homer8.webp"
        },
        {
          "image_file": "homer9.webp"
        },
        {
          "image_file": "homer10.webp"
        },
        {
          "image_file": "homer11.webp"
        },
        {
          "image_file": "homer13.webp"
        },
        {
          "image_file": "homer14.webp"
        },
        {
          "image_file": "homer15.webp"
        },
        {
          "image_file": "homer16.webp"
        },
        {
          "image_file": "homer17.webp"
        },
        {
          "image_file": "homer18.webp"
        },
        {
          "image_file": "homer19.webp"
        },
        {
          "image_file": "homer20.webp"
        },
        {
          "image_file": "homer21.webp"
        },
        {
          "image_file": "homer22.webp"
        },
        {
          "image_file": "homer23.webp"
        },
        {
          "image_file": "homer24.webp"
        },
        {
          "image_file": "homer25.webp"
        },
        {
          "image_file": "homer26.webp"
        },
        {
          "image_file": "homer27.webp"
        },
        {
          "image_file": "homer28.webp"
        },
        {
          "image_file": "homer29.webp"
        },
        {
          "image_file": "homer30.webp"
        }
      ]
    },
    {
      "identifier": "12",
      "name": "Bob Esponja",
      "publisher": "Telegram oficial",
      "tray_image_file": "fondobobesponja.png",
      "publisher_email": "",
      "publisher_website": "",
      "privacy_policy_website": "",
      "license_agreement_website": "",
      "stickers": [
        {
          "image_file": "bob1.webp"
        },
        {
          "image_file": "bob2.webp"
        },
        {
          "image_file": "bob3.webp"
        },
        {
          "image_file": "bob4.webp"
        },
        {
          "image_file": "bob5.webp"
        },
        {
          "image_file": "bob6.webp"
        },
        {
          "image_file": "bob7.webp"
        },
        {
          "image_file": "bob8.webp"
        },
        {
          "image_file": "bob9.webp"
        },
        {
          "image_file": "bob10.webp"
        }

      ]
    },
    {
      "identifier": "13",
      "name": "Memes graciosos",
      "publisher": "Google imagenes ",
      "tray_image_file": "memespack1fondo.png",
      "publisher_email": "",
      "publisher_website": "",
      "privacy_policy_website": "",
      "license_agreement_website": "",
      "stickers": [
        {
          "image_file": "meme1.webp"
        },
        {
          "image_file": "meme2.webp"
        },
        {
          "image_file": "meme3.webp"
        },
        {
          "image_file": "meme4.webp"
        },
        {
          "image_file": "meme5.webp"
        },
        {
          "image_file": "meme6.webp"
        },
        {
          "image_file": "meme7.webp"
        },
        {
          "image_file": "meme8.webp"
        },
        {
          "image_file": "meme9.webp"
        },
        {
          "image_file": "meme-10.webp"
        },
        {
          "image_file": "meme-11.webp"
        },
        {
          "image_file": "meme-12.webp"
        },
        {
          "image_file": "meme-13.webp"
        },
        {
          "image_file": "meme-14.webp"
        },
        {
          "image_file": "meme-15.webp"
        },
        {
          "image_file": "meme-16.webp"
        },
        {
          "image_file": "meme-17.webp"
        },
        {
          "image_file": "meme-18.webp"
        },

        {
          "image_file": "meme-19.webp"
        },
        {
          "image_file": "meme-20.webp"
        },
        {
          "image_file": "meme-21.webp"
        },
        {
          "image_file": "meme-22.webp"
        },
        {
          "image_file": "meme-23.webp"
        },
        {
          "image_file": "meme-24.webp"
        },
        {
          "image_file": "meme-25.webp"
        },
        {
          "image_file": "meme-26.webp"
        },
        {
          "image_file": "meme-27.webp"
        },
        {
          "image_file": "meme-28.webp"
        },
        {
          "image_file": "meme-29.webp"
        },
        {
          "image_file": "meme-30.webp"
        }


      ]
    },
    {
      "identifier": "14",
      "name": "Memes pack 2",
      "publisher": "Telegram oficial",
      "tray_image_file": "fondopackmemes.png",
      "publisher_email": "",
      "publisher_website": "",
      "privacy_policy_website": "",
      "license_agreement_website": "",
      "stickers": [
        {
          "image_file": "meme-1.webp"
        },
        {
          "image_file": "meme-2.webp"
        },
        {
          "image_file": "meme-3.webp"
        },
        {
          "image_file": "meme-4.webp"
        },
        {
          "image_file": "meme-5.webp"
        },
        {
          "image_file": "meme-6.webp"
        },
        {
          "image_file": "meme-7.webp"
        },
        {
          "image_file": "meme-8.webp"
        },
        {
          "image_file": "meme-9.webp"
        },
        {
          "image_file": "meme-10.webp"
        },
        {
          "image_file": "meme-11.webp"
        },
        {
          "image_file": "meme-12.webp"
        },
        {
          "image_file": "meme-13.webp"
        },
        {
          "image_file": "meme-14.webp"
        },
        {
          "image_file": "meme-15.webp"
        },
        {
          "image_file": "meme-16.webp"
        },
        {
          "image_file": "meme-17.webp"
        },
        {
          "image_file": "meme-18.webp"
        },
        {
          "image_file": "meme-19.webp"
        },
        {
          "image_file": "meme-20.webp"
        },
        {
          "image_file": "meme-21.webp"
        },
        {
          "image_file": "meme-22.webp"
        },
        {
          "image_file": "meme-23.webp"
        },
        {
          "image_file": "meme-24.webp"
        },
        {
          "image_file": "meme-25.webp"
        },
        {
          "image_file": "meme-26.webp"
        },
        {
          "image_file": "meme-27.webp"
        },
        {
          "image_file": "meme-28.webp"
        },
        {
          "image_file": "meme-29.webp"
        },
        {
          "image_file": "meme-30.webp"
        }
      ]
    },
    {
      "identifier": "15",
      "name": "Memes pack 3",
      "publisher": "Telegram oficial",
      "tray_image_file": "fondomemes2.png",
      "publisher_email": "",
      "publisher_website": "",
      "privacy_policy_website": "",
      "license_agreement_website": "",
      "stickers": [
        {
          "image_file": "meme-65.webp"
        },
        {
          "image_file": "meme-66.webp"
        },
        {
          "image_file": "meme-67.webp"
        },
        {
          "image_file": "meme-68.webp"
        },
        {
          "image_file": "meme-69.webp"
        },
        {
          "image_file": "meme-70.webp"
        },
        {
          "image_file": "meme-71.webp"
        },
        {
          "image_file": "meme-73.webp"
        },
        {
          "image_file": "meme-78.webp"
        },
        {
          "image_file": "meme-81.webp"
        },
        {
          "image_file": "meme-82.webp"
        },
        {
          "image_file": "meme-83.webp"
        },
        {
          "image_file": "meme-84.webp"
        },
        {
          "image_file": "meme-85.webp"
        },
        {
          "image_file": "meme-86.webp"
        },
        {
          "image_file": "meme-87.webp"
        },
        {
          "image_file": "meme-88.webp"
        },
        {
          "image_file": "meme-89.webp"
        },
        {
          "image_file": "meme-90.webp"
        },
        {
          "image_file": "meme-91.webp"
        },
        {
          "image_file": "meme-92.webp"
        },
        {
          "image_file": "meme-93.webp"
        },
        {
          "image_file": "meme-94.webp"
        },
        {
          "image_file": "meme-95.webp"
        },
        {
          "image_file": "meme-96.webp"
        },
        {
          "image_file": "meme-97.webp"
        },
        {
          "image_file": "meme-98.webp"
        },
        {
          "image_file": "meme-99.webp"
        }

      ]
    },
    {
      "identifier": "16",
      "name": "Phil The Owl",
      "publisher": "Telegram oficial",
      "tray_image_file": "fondophil.png",
      "publisher_email": "",
      "publisher_website": "",
      "privacy_policy_website": "",
      "license_agreement_website": "",
      "stickers": [
        {
          "image_file": "phil1.webp"
        },
        {
          "image_file": "phil2.webp"
        },
        {
          "image_file": "phil3.webp"
        },
        {
          "image_file": "phil4.webp"
        },
        {
          "image_file": "phil5.webp"
        },
        {
          "image_file": "phil6.webp"
        },
        {
          "image_file": "phil7.webp"
        },
        {
          "image_file": "phil8.webp"
        },
        {
          "image_file": "phil9.webp"
        },
        {
          "image_file": "phil10.webp"
        },
        {
          "image_file": "phil11.webp"
        },
        {
          "image_file": "phil13.webp"
        },
        {
          "image_file": "phil14.webp"
        },
        {
          "image_file": "phil15.webp"
        },
        {
          "image_file": "phil16.webp"
        },
        {
          "image_file": "phil17.webp"
        },
        {
          "image_file": "phil18.webp"
        },
        {
          "image_file": "phil19.webp"
        },
        {
          "image_file": "phil20.webp"
        },
        {
          "image_file": "phil21.webp"
        },
        {
          "image_file": "phil22.webp"
        },
        {
          "image_file": "phil23.webp"
        },
        {
          "image_file": "phil24.webp"
        },
        {
          "image_file": "phil25.webp"
        },
        {
          "image_file": "phil26.webp"
        },
        {
          "image_file": "phil27.webp"
        },
        {
          "image_file": "phil28.webp"
        },
        {
          "image_file": "phil29.webp"
        },
        {
          "image_file": "phil30.webp"
        }
      ]
    }


      ]
}
